ID,FCN3,CLEC4M,CLEC1B,PRC1,PBK
adjacent.non_tumor,12.8949039967568,9.55360452619699,11.3226855626846,5.43827694058246,3.7859520980515
adjacent.non_tumor.1,12.8949039967568,9.23976436845104,11.3226855626846,6.39466679540517,4.76214215870142
adjacent.non_tumor.2,11.3226855626846,9.92217763069574,11.6636924099538,5.71247392276223,4.33851577095976
adjacent.non_tumor.3,12.8949039967568,9.92217763069574,11.6636924099538,6.1683958883158,3.7859520980515
adjacent.non_tumor.4,11.6636924099538,7.58871791780885,11.3226855626846,7.15450446329111,5.11797471762326
adjacent.non_tumor.5,12.8949039967568,10.3186521182141,10.9721244987163,6.7056954225396,3.7859520980515
adjacent.non_tumor.6,12.8949039967568,9.55360452619699,12.079234977218,6.39466679540517,4.76214215870142
adjacent.non_tumor.7,12.8949039967568,9.92217763069574,11.6636924099538,6.39466679540517,4.76214215870142
adjacent.non_tumor.8,11.6636924099538,9.92217763069574,12.079234977218,5.71247392276223,3.7859520980515
adjacent.non_tumor.9,12.8949039967568,9.55360452619699,12.079234977218,7.15450446329111,5.71247392276223
adjacent.non_tumor.10,12.079234977218,8.31780991755486,11.3226855626846,6.1683958883158,4.33851577095976
adjacent.non_tumor.11,12.8949039967568,9.23976436845104,11.6636924099538,6.39466679540517,4.33851577095976
adjacent.non_tumor.12,12.8949039967568,9.23976436845104,11.3226855626846,6.39466679540517,4.76214215870142
adjacent.non_tumor.13,12.8949039967568,8.93169968950554,11.6636924099538,6.7056954225396,5.11797471762326
adjacent.non_tumor.14,12.8949039967568,8.93169968950554,11.6636924099538,6.1683958883158,3.7859520980515
adjacent.non_tumor.15,11.6636924099538,8.31780991755486,10.6555980493414,6.1683958883158,4.76214215870142
adjacent.non_tumor.16,12.079234977218,7.58871791780885,11.3226855626846,6.1683958883158,4.76214215870142
adjacent.non_tumor.17,12.8949039967568,10.6555980493414,10.9721244987163,6.39466679540517,3.7859520980515
adjacent.non_tumor.18,11.6636924099538,9.23976436845104,12.8949039967568,5.71247392276223,3.7859520980515
adjacent.non_tumor.19,12.8949039967568,9.55360452619699,11.6636924099538,6.1683958883158,4.76214215870142
adjacent.non_tumor.20,12.079234977218,10.6555980493414,11.3226855626846,6.39466679540517,3.7859520980515
adjacent.non_tumor.21,12.8949039967568,9.55360452619699,12.079234977218,5.93950757547521,4.76214215870142
adjacent.non_tumor.22,12.8949039967568,9.23976436845104,11.3226855626846,6.1683958883158,3.7859520980515
adjacent.non_tumor.23,12.8949039967568,9.23976436845104,11.6636924099538,6.7056954225396,4.76214215870142
adjacent.non_tumor.24,11.6636924099538,8.63843321481614,10.9721244987163,6.39466679540517,5.43827694058246
adjacent.non_tumor.25,12.8949039967568,9.55360452619699,11.6636924099538,5.93950757547521,4.76214215870142
adjacent.non_tumor.26,12.8949039967568,9.92217763069574,11.6636924099538,5.71247392276223,3.7859520980515
adjacent.non_tumor.27,12.8949039967568,9.55360452619699,12.079234977218,6.39466679540517,3.7859520980515
adjacent.non_tumor.28,11.6636924099538,9.23976436845104,10.9721244987163,6.39466679540517,4.76214215870142
adjacent.non_tumor.29,12.8949039967568,9.92217763069574,11.3226855626846,5.93950757547521,3.7859520980515
adjacent.non_tumor.30,11.6636924099538,8.93169968950554,11.3226855626846,6.7056954225396,4.76214215870142
adjacent.non_tumor.31,12.8949039967568,9.55360452619699,11.3226855626846,6.1683958883158,3.7859520980515
adjacent.non_tumor.32,11.6636924099538,8.93169968950554,10.9721244987163,6.7056954225396,5.93950757547521
adjacent.non_tumor.33,11.3226855626846,8.31780991755486,10.6555980493414,6.7056954225396,5.43827694058246
adjacent.non_tumor.34,12.8949039967568,9.92217763069574,12.079234977218,5.71247392276223,3.7859520980515
adjacent.non_tumor.35,12.079234977218,8.63843321481614,11.6636924099538,6.1683958883158,4.76214215870142
adjacent.non_tumor.36,12.079234977218,9.55360452619699,10.6555980493414,5.71247392276223,3.7859520980515
adjacent.non_tumor.37,10.9721244987163,10.3186521182141,11.3226855626846,5.71247392276223,3.7859520980515
adjacent.non_tumor.38,12.8949039967568,9.23976436845104,12.079234977218,5.43827694058246,3.7859520980515
adjacent.non_tumor.39,12.8949039967568,9.55360452619699,10.6555980493414,6.39466679540517,4.33851577095976
adjacent.non_tumor.40,12.8949039967568,9.55360452619699,11.3226855626846,6.1683958883158,4.76214215870142
adjacent.non_tumor.41,12.8949039967568,9.23976436845104,11.6636924099538,6.1683958883158,4.76214215870142
adjacent.non_tumor.42,12.079234977218,7.58871791780885,11.3226855626846,6.7056954225396,5.43827694058246
adjacent.non_tumor.43,12.8949039967568,9.92217763069574,11.6636924099538,5.93950757547521,4.76214215870142
adjacent.non_tumor.44,12.8949039967568,9.92217763069574,11.6636924099538,5.43827694058246,3.7859520980515
adjacent.non_tumor.45,11.6636924099538,9.55360452619699,12.8949039967568,5.93950757547521,4.76214215870142
adjacent.non_tumor.46,11.3226855626846,8.93169968950554,12.079234977218,6.7056954225396,5.11797471762326
adjacent.non_tumor.47,11.6636924099538,7.15450446329111,10.9721244987163,6.7056954225396,4.33851577095976
adjacent.non_tumor.48,11.6636924099538,9.55360452619699,10.6555980493414,6.7056954225396,4.76214215870142
adjacent.non_tumor.49,12.079234977218,9.92217763069574,12.8949039967568,7.15450446329111,4.76214215870142
adjacent.non_tumor.50,12.079234977218,9.92217763069574,12.8949039967568,6.39466679540517,4.33851577095976
adjacent.non_tumor.51,12.8949039967568,9.23976436845104,12.079234977218,6.1683958883158,5.11797471762326
adjacent.non_tumor.52,12.8949039967568,9.23976436845104,11.6636924099538,6.39466679540517,4.33851577095976
adjacent.non_tumor.53,12.8949039967568,9.92217763069574,12.079234977218,6.39466679540517,4.33851577095976
adjacent.non_tumor.54,12.079234977218,9.55360452619699,10.9721244987163,6.7056954225396,5.11797471762326
adjacent.non_tumor.55,12.079234977218,9.55360452619699,10.6555980493414,6.1683958883158,4.33851577095976
adjacent.non_tumor.56,12.8949039967568,9.55360452619699,11.6636924099538,6.39466679540517,3.7859520980515
adjacent.non_tumor.57,12.8949039967568,9.55360452619699,11.3226855626846,5.43827694058246,3.7859520980515
adjacent.non_tumor.58,12.8949039967568,9.92217763069574,12.079234977218,6.39466679540517,4.33851577095976
adjacent.non_tumor.59,12.8949039967568,10.3186521182141,10.9721244987163,6.7056954225396,4.33851577095976
adjacent.non_tumor.60,12.8949039967568,9.55360452619699,11.6636924099538,6.7056954225396,4.33851577095976
adjacent.non_tumor.61,12.8949039967568,8.93169968950554,12.079234977218,6.39466679540517,3.7859520980515
adjacent.non_tumor.62,12.8949039967568,9.92217763069574,12.079234977218,6.1683958883158,4.33851577095976
adjacent.non_tumor.63,12.8949039967568,9.23976436845104,12.079234977218,5.71247392276223,3.7859520980515
adjacent.non_tumor.64,12.8949039967568,9.55360452619699,11.3226855626846,6.39466679540517,4.76214215870142
adjacent.non_tumor.65,12.8949039967568,9.92217763069574,11.6636924099538,5.11797471762326,3.7859520980515
adjacent.non_tumor.66,12.8949039967568,9.55360452619699,11.3226855626846,6.39466679540517,5.11797471762326
adjacent.non_tumor.67,12.8949039967568,9.92217763069574,11.6636924099538,5.71247392276223,3.7859520980515
adjacent.non_tumor.68,12.8949039967568,8.93169968950554,12.079234977218,6.1683958883158,3.7859520980515
adjacent.non_tumor.69,12.8949039967568,9.23976436845104,12.079234977218,7.15450446329111,4.76214215870142
adjacent.non_tumor.70,12.8949039967568,9.23976436845104,11.3226855626846,6.1683958883158,3.7859520980515
adjacent.non_tumor.71,12.8949039967568,9.92217763069574,12.079234977218,6.39466679540517,4.33851577095976
adjacent.non_tumor.72,11.3226855626846,9.23976436845104,12.079234977218,6.1683958883158,3.7859520980515
adjacent.non_tumor.73,11.6636924099538,9.23976436845104,11.3226855626846,6.39466679540517,4.33851577095976
adjacent.non_tumor.74,12.8949039967568,9.23976436845104,12.079234977218,6.7056954225396,4.33851577095976
adjacent.non_tumor.75,11.3226855626846,10.3186521182141,11.6636924099538,6.7056954225396,4.76214215870142
adjacent.non_tumor.76,12.079234977218,8.93169968950554,12.8949039967568,6.7056954225396,3.7859520980515
adjacent.non_tumor.77,12.079234977218,9.92217763069574,11.6636924099538,5.71247392276223,3.7859520980515
adjacent.non_tumor.78,12.8949039967568,9.92217763069574,12.079234977218,6.39466679540517,3.7859520980515
adjacent.non_tumor.79,12.8949039967568,9.92217763069574,12.079234977218,6.1683958883158,3.7859520980515
adjacent.non_tumor.80,11.6636924099538,9.55360452619699,11.3226855626846,6.1683958883158,3.7859520980515
adjacent.non_tumor.81,11.6636924099538,9.55360452619699,12.8949039967568,6.1683958883158,3.7859520980515
adjacent.non_tumor.82,11.3226855626846,10.3186521182141,10.6555980493414,6.1683958883158,3.7859520980515
adjacent.non_tumor.83,12.079234977218,8.63843321481614,11.3226855626846,6.7056954225396,4.76214215870142
adjacent.non_tumor.84,12.079234977218,9.55360452619699,12.8949039967568,6.39466679540517,4.33851577095976
adjacent.non_tumor.85,12.079234977218,9.55360452619699,12.8949039967568,6.39466679540517,4.33851577095976
adjacent.non_tumor.86,12.8949039967568,10.3186521182141,12.079234977218,5.93950757547521,3.7859520980515
adjacent.non_tumor.87,12.8949039967568,9.23976436845104,11.3226855626846,5.71247392276223,3.7859520980515
adjacent.non_tumor.88,12.079234977218,8.93169968950554,12.8949039967568,5.93950757547521,4.33851577095976
adjacent.non_tumor.89,11.6636924099538,8.93169968950554,11.3226855626846,6.1683958883158,3.7859520980515
adjacent.non_tumor.90,12.8949039967568,9.92217763069574,11.6636924099538,6.1683958883158,4.33851577095976
adjacent.non_tumor.91,11.6636924099538,8.03012014980995,11.3226855626846,6.7056954225396,4.76214215870142
adjacent.non_tumor.92,12.079234977218,9.23976436845104,11.3226855626846,6.7056954225396,5.11797471762326
adjacent.non_tumor.93,12.079234977218,9.92217763069574,11.6636924099538,5.71247392276223,4.33851577095976
adjacent.non_tumor.94,12.079234977218,9.55360452619699,12.8949039967568,6.7056954225396,3.7859520980515
adjacent.non_tumor.95,12.8949039967568,8.93169968950554,12.079234977218,6.1683958883158,4.33851577095976
adjacent.non_tumor.96,12.8949039967568,9.92217763069574,12.079234977218,6.7056954225396,5.93950757547521
adjacent.non_tumor.97,12.8949039967568,9.55360452619699,12.079234977218,6.7056954225396,5.11797471762326
adjacent.non_tumor.98,11.6636924099538,9.55360452619699,9.92217763069574,6.1683958883158,4.76214215870142
adjacent.non_tumor.99,12.8949039967568,8.03012014980995,10.9721244987163,5.93950757547521,4.76214215870142
adjacent.non_tumor.100,12.8949039967568,9.55360452619699,11.6636924099538,6.1683958883158,3.7859520980515
adjacent.non_tumor.101,12.8949039967568,9.92217763069574,12.079234977218,6.7056954225396,4.76214215870142
adjacent.non_tumor.102,12.8949039967568,9.23976436845104,11.3226855626846,6.1683958883158,3.7859520980515
adjacent.non_tumor.103,12.8949039967568,9.23976436845104,11.3226855626846,6.7056954225396,4.76214215870142
adjacent.non_tumor.104,12.8949039967568,9.23976436845104,11.6636924099538,6.1683958883158,3.7859520980515
adjacent.non_tumor.105,12.8949039967568,9.23976436845104,12.079234977218,6.1683958883158,5.11797471762326
adjacent.non_tumor.106,12.8949039967568,9.92217763069574,12.079234977218,7.15450446329111,4.76214215870142
adjacent.non_tumor.107,12.8949039967568,8.93169968950554,12.079234977218,6.1683958883158,4.76214215870142
adjacent.non_tumor.108,12.8949039967568,9.92217763069574,12.079234977218,7.15450446329111,4.76214215870142
adjacent.non_tumor.109,12.8949039967568,9.23976436845104,12.079234977218,6.1683958883158,4.33851577095976
adjacent.non_tumor.110,12.8949039967568,9.92217763069574,12.079234977218,6.39466679540517,3.7859520980515
adjacent.non_tumor.111,12.8949039967568,9.23976436845104,12.079234977218,5.71247392276223,4.33851577095976
adjacent.non_tumor.112,12.8949039967568,9.92217763069574,12.079234977218,6.7056954225396,3.7859520980515
adjacent.non_tumor.113,12.8949039967568,9.55360452619699,12.079234977218,5.71247392276223,3.7859520980515
adjacent.non_tumor.114,12.8949039967568,9.55360452619699,12.079234977218,5.43827694058246,3.7859520980515
adjacent.non_tumor.115,12.8949039967568,8.63843321481614,11.3226855626846,7.15450446329111,5.71247392276223
adjacent.non_tumor.116,12.8949039967568,10.3186521182141,12.079234977218,5.71247392276223,3.7859520980515
adjacent.non_tumor.117,12.8949039967568,9.92217763069574,12.079234977218,6.1683958883158,3.7859520980515
adjacent.non_tumor.118,12.079234977218,8.93169968950554,12.8949039967568,6.7056954225396,5.11797471762326
adjacent.non_tumor.119,12.8949039967568,9.92217763069574,12.079234977218,6.39466679540517,3.7859520980515
adjacent.non_tumor.120,12.8949039967568,9.92217763069574,12.079234977218,6.39466679540517,4.76214215870142
adjacent.non_tumor.121,11.3226855626846,8.93169968950554,10.9721244987163,5.93950757547521,3.7859520980515
adjacent.non_tumor.122,12.8949039967568,9.92217763069574,12.079234977218,5.93950757547521,4.33851577095976
adjacent.non_tumor.123,11.6636924099538,9.92217763069574,12.8949039967568,6.1683958883158,3.7859520980515
adjacent.non_tumor.124,12.079234977218,10.3186521182141,12.8949039967568,6.7056954225396,3.7859520980515
adjacent.non_tumor.125,11.6636924099538,9.23976436845104,11.3226855626846,6.39466679540517,3.7859520980515
adjacent.non_tumor.126,12.8949039967568,9.92217763069574,11.3226855626846,5.93950757547521,3.7859520980515
adjacent.non_tumor.127,12.079234977218,9.55360452619699,10.9721244987163,5.93950757547521,3.7859520980515
adjacent.non_tumor.128,11.6636924099538,8.93169968950554,11.3226855626846,6.39466679540517,3.7859520980515
adjacent.non_tumor.129,11.6636924099538,6.39466679540517,10.9721244987163,7.15450446329111,3.7859520980515
adjacent.non_tumor.130,12.8949039967568,10.3186521182141,9.55360452619699,5.93950757547521,3.7859520980515
adjacent.non_tumor.131,12.079234977218,10.3186521182141,9.55360452619699,5.93950757547521,3.7859520980515
adjacent.non_tumor.132,12.079234977218,8.93169968950554,10.6555980493414,6.7056954225396,4.33851577095976
adjacent.non_tumor.133,12.8949039967568,9.92217763069574,11.6636924099538,5.43827694058246,4.33851577095976
adjacent.non_tumor.134,12.8949039967568,9.55360452619699,12.079234977218,6.39466679540517,4.76214215870142
adjacent.non_tumor.135,11.6636924099538,9.92217763069574,12.079234977218,5.43827694058246,3.7859520980515
adjacent.non_tumor.136,12.079234977218,10.3186521182141,10.6555980493414,6.39466679540517,3.7859520980515
adjacent.non_tumor.137,12.079234977218,9.92217763069574,10.9721244987163,6.7056954225396,4.76214215870142
adjacent.non_tumor.138,12.079234977218,9.92217763069574,11.3226855626846,6.1683958883158,4.33851577095976
adjacent.non_tumor.139,12.079234977218,9.23976436845104,10.3186521182141,6.39466679540517,3.7859520980515
adjacent.non_tumor.140,11.6636924099538,8.93169968950554,10.3186521182141,5.71247392276223,3.7859520980515
adjacent.non_tumor.141,12.8949039967568,9.92217763069574,12.079234977218,5.43827694058246,3.7859520980515
adjacent.non_tumor.142,12.079234977218,9.23976436845104,11.6636924099538,6.39466679540517,4.76214215870142
adjacent.non_tumor.143,12.8949039967568,9.92217763069574,11.6636924099538,6.1683958883158,3.7859520980515
adjacent.non_tumor.144,11.3226855626846,8.63843321481614,10.6555980493414,7.15450446329111,6.7056954225396
adjacent.non_tumor.145,12.8949039967568,9.23976436845104,10.9721244987163,7.15450446329111,5.43827694058246
adjacent.non_tumor.146,12.079234977218,9.55360452619699,11.3226855626846,6.7056954225396,5.43827694058246
adjacent.non_tumor.147,12.8949039967568,9.55360452619699,11.6636924099538,7.15450446329111,5.43827694058246
adjacent.non_tumor.148,12.8949039967568,9.92217763069574,10.9721244987163,6.39466679540517,3.7859520980515
adjacent.non_tumor.149,12.079234977218,9.92217763069574,10.9721244987163,6.7056954225396,4.33851577095976
adjacent.non_tumor.150,12.079234977218,9.92217763069574,12.8949039967568,6.7056954225396,3.7859520980515
adjacent.non_tumor.151,11.3226855626846,10.3186521182141,11.6636924099538,5.71247392276223,3.7859520980515
adjacent.non_tumor.152,12.079234977218,9.23976436845104,11.3226855626846,6.39466679540517,4.33851577095976
adjacent.non_tumor.153,12.079234977218,9.55360452619699,12.8949039967568,6.7056954225396,4.76214215870142
adjacent.non_tumor.154,12.8949039967568,9.55360452619699,11.3226855626846,6.7056954225396,5.71247392276223
adjacent.non_tumor.155,12.8949039967568,9.23976436845104,12.079234977218,6.7056954225396,3.7859520980515
adjacent.non_tumor.156,12.8949039967568,9.92217763069574,11.6636924099538,6.7056954225396,3.7859520980515
adjacent.non_tumor.157,12.8949039967568,9.55360452619699,12.079234977218,6.7056954225396,5.43827694058246
adjacent.non_tumor.158,12.8949039967568,9.55360452619699,12.079234977218,6.7056954225396,4.76214215870142
adjacent.non_tumor.159,12.8949039967568,9.92217763069574,11.6636924099538,6.39466679540517,3.7859520980515
adjacent.non_tumor.160,11.6636924099538,7.58871791780885,11.3226855626846,6.7056954225396,5.11797471762326
adjacent.non_tumor.161,12.079234977218,9.92217763069574,10.9721244987163,6.39466679540517,3.7859520980515
adjacent.non_tumor.162,12.079234977218,10.3186521182141,10.9721244987163,6.39466679540517,3.7859520980515
adjacent.non_tumor.163,12.8949039967568,9.23976436845104,12.079234977218,6.7056954225396,4.76214215870142
adjacent.non_tumor.164,11.3226855626846,9.23976436845104,10.6555980493414,6.7056954225396,5.11797471762326
adjacent.non_tumor.165,11.6636924099538,9.92217763069574,11.3226855626846,6.39466679540517,3.7859520980515
adjacent.non_tumor.166,12.8949039967568,8.31780991755486,11.3226855626846,7.15450446329111,6.39466679540517
adjacent.non_tumor.167,12.8949039967568,9.55360452619699,12.079234977218,6.7056954225396,3.7859520980515
adjacent.non_tumor.168,12.8949039967568,8.63843321481614,11.3226855626846,6.1683958883158,3.7859520980515
adjacent.non_tumor.169,12.8949039967568,8.93169968950554,10.9721244987163,6.7056954225396,4.33851577095976
adjacent.non_tumor.170,12.8949039967568,9.92217763069574,12.079234977218,6.7056954225396,5.43827694058246
adjacent.non_tumor.171,12.079234977218,8.03012014980995,10.3186521182141,7.15450446329111,4.76214215870142
adjacent.non_tumor.172,11.3226855626846,8.93169968950554,10.9721244987163,6.1683958883158,3.7859520980515
adjacent.non_tumor.173,12.8949039967568,9.92217763069574,11.3226855626846,8.03012014980995,6.1683958883158
adjacent.non_tumor.174,12.8949039967568,9.55360452619699,11.3226855626846,5.93950757547521,3.7859520980515
adjacent.non_tumor.175,12.079234977218,8.03012014980995,11.3226855626846,6.7056954225396,4.76214215870142
adjacent.non_tumor.176,11.6636924099538,9.55360452619699,9.92217763069574,6.1683958883158,3.7859520980515
adjacent.non_tumor.177,11.6636924099538,8.93169968950554,7.58871791780885,6.39466679540517,5.11797471762326
adjacent.non_tumor.178,12.079234977218,10.3186521182141,11.3226855626846,6.39466679540517,4.76214215870142
adjacent.non_tumor.179,10.9721244987163,10.6555980493414,9.92217763069574,6.39466679540517,3.7859520980515
adjacent.non_tumor.180,12.8949039967568,8.63843321481614,11.3226855626846,6.7056954225396,4.33851577095976
adjacent.non_tumor.181,12.8949039967568,8.93169968950554,11.3226855626846,6.39466679540517,3.7859520980515
adjacent.non_tumor.182,12.8949039967568,9.92217763069574,11.6636924099538,6.39466679540517,5.11797471762326
adjacent.non_tumor.183,10.9721244987163,9.92217763069574,10.6555980493414,7.15450446329111,6.39466679540517
adjacent.non_tumor.184,11.6636924099538,8.93169968950554,10.9721244987163,6.7056954225396,3.7859520980515
adjacent.non_tumor.185,9.92217763069574,9.23976436845104,8.93169968950554,5.93950757547521,4.76214215870142
adjacent.non_tumor.186,12.079234977218,9.92217763069574,10.9721244987163,6.7056954225396,6.1683958883158
adjacent.non_tumor.187,11.6636924099538,9.23976436845104,11.3226855626846,6.1683958883158,4.76214215870142
adjacent.non_tumor.188,12.8949039967568,9.92217763069574,11.6636924099538,6.1683958883158,4.33851577095976
adjacent.non_tumor.189,11.6636924099538,8.31780991755486,10.9721244987163,7.15450446329111,5.11797471762326
adjacent.non_tumor.190,12.079234977218,10.3186521182141,12.8949039967568,6.7056954225396,5.11797471762326
adjacent.non_tumor.191,11.6636924099538,9.55360452619699,11.3226855626846,5.43827694058246,3.7859520980515
adjacent.non_tumor.192,12.8949039967568,9.55360452619699,10.3186521182141,6.1683958883158,3.7859520980515
adjacent.non_tumor.193,12.079234977218,9.92217763069574,9.55360452619699,6.39466679540517,3.7859520980515
adjacent.non_tumor.194,12.079234977218,9.92217763069574,11.6636924099538,5.71247392276223,3.7859520980515
adjacent.non_tumor.195,12.8949039967568,9.92217763069574,11.6636924099538,6.39466679540517,4.76214215870142
adjacent.non_tumor.196,10.3186521182141,8.63843321481614,9.23976436845104,7.15450446329111,5.43827694058246
adjacent.non_tumor.197,11.6636924099538,8.31780991755486,10.9721244987163,6.39466679540517,4.33851577095976
adjacent.non_tumor.198,12.079234977218,10.6555980493414,10.9721244987163,6.39466679540517,4.76214215870142
adjacent.non_tumor.199,11.6636924099538,9.55360452619699,11.3226855626846,5.71247392276223,3.7859520980515
adjacent.non_tumor.200,12.8949039967568,8.93169968950554,11.3226855626846,6.7056954225396,4.76214215870142
adjacent.non_tumor.201,12.079234977218,10.3186521182141,10.9721244987163,6.1683958883158,3.7859520980515
adjacent.non_tumor.202,11.6636924099538,9.55360452619699,11.3226855626846,6.39466679540517,4.33851577095976
adjacent.non_tumor.203,11.6636924099538,9.23976436845104,9.92217763069574,6.7056954225396,3.7859520980515
adjacent.non_tumor.204,11.3226855626846,8.31780991755486,9.92217763069574,6.1683958883158,5.71247392276223
adjacent.non_tumor.205,11.6636924099538,9.92217763069574,10.6555980493414,6.1683958883158,3.7859520980515
adjacent.non_tumor.206,12.079234977218,9.92217763069574,10.3186521182141,6.7056954225396,3.7859520980515
adjacent.non_tumor.207,12.079234977218,9.92217763069574,9.55360452619699,6.1683958883158,4.76214215870142
adjacent.non_tumor.208,10.9721244987163,10.6555980493414,10.3186521182141,5.43827694058246,3.7859520980515
adjacent.non_tumor.209,11.3226855626846,8.31780991755486,9.23976436845104,5.93950757547521,3.7859520980515
adjacent.non_tumor.210,10.9721244987163,8.31780991755486,11.6636924099538,5.93950757547521,3.7859520980515
adjacent.non_tumor.211,12.8949039967568,9.92217763069574,10.3186521182141,7.15450446329111,5.43827694058246
adjacent.non_tumor.212,12.079234977218,9.23976436845104,10.9721244987163,6.39466679540517,4.33851577095976
adjacent.non_tumor.213,11.3226855626846,7.58871791780885,10.3186521182141,6.1683958883158,3.7859520980515
adjacent.non_tumor.214,12.079234977218,8.31780991755486,10.9721244987163,6.1683958883158,3.7859520980515
adjacent.non_tumor.215,12.8949039967568,9.55360452619699,11.6636924099538,5.71247392276223,3.7859520980515
adjacent.non_tumor.216,11.6636924099538,8.63843321481614,10.9721244987163,6.1683958883158,5.11797471762326
adjacent.non_tumor.217,11.3226855626846,7.15450446329111,10.3186521182141,6.1683958883158,3.7859520980515
adjacent.non_tumor.218,12.8949039967568,9.92217763069574,11.3226855626846,5.93950757547521,4.76214215870142
adjacent.non_tumor.219,11.6636924099538,7.15450446329111,11.3226855626846,6.1683958883158,4.76214215870142
adjacent.non_tumor.220,12.079234977218,6.7056954225396,10.9721244987163,8.03012014980995,6.39466679540517
adjacent.non_tumor.221,12.079234977218,9.23976436845104,10.9721244987163,6.39466679540517,4.76214215870142
adjacent.non_tumor.222,11.6636924099538,7.15450446329111,9.23976436845104,6.7056954225396,5.43827694058246
adjacent.non_tumor.223,12.8949039967568,9.55360452619699,12.079234977218,5.43827694058246,3.7859520980515
adjacent.non_tumor.224,12.8949039967568,10.3186521182141,12.079234977218,5.43827694058246,5.11797471762326
adjacent.non_tumor.225,11.6636924099538,8.93169968950554,9.55360452619699,6.39466679540517,3.7859520980515
adjacent.non_tumor.226,12.8949039967568,10.3186521182141,10.9721244987163,6.7056954225396,3.7859520980515
adjacent.non_tumor.227,12.079234977218,9.55360452619699,11.3226855626846,6.1683958883158,3.7859520980515
adjacent.non_tumor.228,12.8949039967568,8.63843321481614,11.6636924099538,6.1683958883158,4.76214215870142
adjacent.non_tumor.229,12.079234977218,10.6555980493414,9.55360452619699,6.1683958883158,3.7859520980515
adjacent.non_tumor.230,12.079234977218,10.6555980493414,9.92217763069574,6.39466679540517,3.7859520980515
adjacent.non_tumor.231,12.8949039967568,9.92217763069574,12.079234977218,5.93950757547521,3.7859520980515
adjacent.non_tumor.232,12.8949039967568,10.3186521182141,12.079234977218,6.1683958883158,4.33851577095976
adjacent.non_tumor.233,12.8949039967568,8.93169968950554,12.079234977218,6.39466679540517,5.43827694058246
adjacent.non_tumor.234,12.8949039967568,9.92217763069574,11.6636924099538,6.39466679540517,3.7859520980515
adjacent.non_tumor.235,12.8949039967568,9.92217763069574,11.3226855626846,6.39466679540517,3.7859520980515
adjacent.non_tumor.236,11.6636924099538,8.31780991755486,12.079234977218,8.93169968950554,6.7056954225396
adjacent.non_tumor.237,12.8949039967568,7.58871791780885,9.92217763069574,7.15450446329111,3.7859520980515
adjacent.non_tumor.238,11.3226855626846,9.55360452619699,9.23976436845104,6.1683958883158,4.33851577095976
adjacent.non_tumor.239,12.079234977218,9.92217763069574,8.63843321481614,6.39466679540517,3.7859520980515
adjacent.non_tumor.240,11.6636924099538,6.7056954225396,10.3186521182141,7.58871791780885,5.93950757547521
adjacent.non_tumor.241,12.079234977218,8.31780991755486,10.9721244987163,6.1683958883158,5.11797471762326
adjacent.non_tumor.242,11.6636924099538,7.58871791780885,10.9721244987163,6.1683958883158,5.71247392276223
HCC,5.93950757547521,5.11797471762326,4.76214215870142,10.3186521182141,9.23976436845104
HCC.1,6.1683958883158,3.7859520980515,5.93950757547521,10.3186521182141,9.92217763069574
HCC.2,8.63843321481614,3.7859520980515,6.39466679540517,9.92217763069574,8.31780991755486
HCC.3,5.71247392276223,3.7859520980515,5.43827694058246,10.3186521182141,10.6555980493414
HCC.4,9.23976436845104,4.33851577095976,7.58871791780885,9.55360452619699,8.31780991755486
HCC.5,6.39466679540517,3.7859520980515,5.43827694058246,10.3186521182141,9.23976436845104
HCC.6,10.6555980493414,3.7859520980515,5.43827694058246,9.23976436845104,5.11797471762326
HCC.7,6.7056954225396,3.7859520980515,5.43827694058246,9.55360452619699,8.31780991755486
HCC.8,7.58871791780885,3.7859520980515,4.33851577095976,10.6555980493414,8.31780991755486
HCC.9,8.03012014980995,3.7859520980515,4.33851577095976,10.9721244987163,10.6555980493414
HCC.10,7.58871791780885,3.7859520980515,4.33851577095976,10.3186521182141,9.92217763069574
HCC.11,7.15450446329111,3.7859520980515,5.11797471762326,9.92217763069574,9.23976436845104
HCC.12,12.079234977218,9.23976436845104,11.6636924099538,6.39466679540517,4.76214215870142
HCC.13,8.63843321481614,3.7859520980515,6.7056954225396,9.55360452619699,9.23976436845104
HCC.14,5.43827694058246,4.33851577095976,5.71247392276223,9.23976436845104,6.1683958883158
HCC.15,5.93950757547521,4.76214215870142,3.7859520980515,9.92217763069574,9.55360452619699
HCC.16,10.9721244987163,4.76214215870142,10.3186521182141,7.15450446329111,5.93950757547521
HCC.17,8.63843321481614,3.7859520980515,4.76214215870142,9.55360452619699,9.23976436845104
HCC.18,6.7056954225396,3.7859520980515,6.1683958883158,9.55360452619699,8.03012014980995
HCC.19,10.6555980493414,5.93950757547521,7.58871791780885,7.15450446329111,5.43827694058246
HCC.20,4.76214215870142,3.7859520980515,5.71247392276223,10.3186521182141,8.63843321481614
HCC.21,7.15450446329111,4.33851577095976,5.43827694058246,10.3186521182141,9.55360452619699
HCC.22,8.31780991755486,3.7859520980515,5.11797471762326,9.92217763069574,10.9721244987163
HCC.23,8.93169968950554,3.7859520980515,7.58871791780885,9.23976436845104,8.31780991755486
HCC.24,7.58871791780885,4.76214215870142,6.7056954225396,8.93169968950554,5.43827694058246
HCC.25,11.3226855626846,6.1683958883158,10.3186521182141,8.63843321481614,7.15450446329111
HCC.26,7.15450446329111,3.7859520980515,4.33851577095976,7.58871791780885,5.71247392276223
HCC.27,12.079234977218,6.7056954225396,10.9721244987163,7.58871791780885,5.71247392276223
HCC.28,5.11797471762326,3.7859520980515,4.33851577095976,10.6555980493414,10.9721244987163
HCC.29,9.23976436845104,4.33851577095976,5.71247392276223,8.31780991755486,5.93950757547521
HCC.30,8.63843321481614,4.33851577095976,5.93950757547521,9.92217763069574,8.93169968950554
HCC.31,6.39466679540517,3.7859520980515,5.11797471762326,9.92217763069574,9.23976436845104
HCC.32,6.7056954225396,4.33851577095976,4.76214215870142,10.6555980493414,10.3186521182141
HCC.33,5.93950757547521,3.7859520980515,5.43827694058246,10.3186521182141,9.55360452619699
HCC.34,8.03012014980995,3.7859520980515,6.39466679540517,10.9721244987163,9.55360452619699
HCC.35,12.8949039967568,8.31780991755486,11.6636924099538,7.58871791780885,7.15450446329111
HCC.36,8.63843321481614,3.7859520980515,6.7056954225396,10.9721244987163,9.55360452619699
HCC.37,8.03012014980995,3.7859520980515,5.43827694058246,10.3186521182141,8.63843321481614
HCC.38,7.58871791780885,3.7859520980515,5.71247392276223,10.6555980493414,9.92217763069574
HCC.39,8.03012014980995,3.7859520980515,4.33851577095976,10.9721244987163,8.93169968950554
HCC.40,7.15450446329111,4.76214215870142,5.43827694058246,10.9721244987163,9.92217763069574
HCC.41,7.58871791780885,4.33851577095976,4.76214215870142,10.9721244987163,11.3226855626846
HCC.42,7.15450446329111,3.7859520980515,5.11797471762326,10.9721244987163,9.55360452619699
HCC.43,8.03012014980995,3.7859520980515,6.1683958883158,9.23976436845104,10.9721244987163
HCC.44,9.23976436845104,4.76214215870142,3.7859520980515,10.6555980493414,7.58871791780885
HCC.45,6.1683958883158,3.7859520980515,4.33851577095976,10.6555980493414,9.23976436845104
HCC.46,6.1683958883158,4.33851577095976,4.76214215870142,10.3186521182141,7.15450446329111
HCC.47,7.15450446329111,3.7859520980515,4.33851577095976,10.9721244987163,10.3186521182141
HCC.48,5.71247392276223,3.7859520980515,5.93950757547521,9.92217763069574,8.63843321481614
HCC.49,8.63843321481614,3.7859520980515,6.39466679540517,10.9721244987163,9.55360452619699
HCC.50,7.15450446329111,3.7859520980515,5.93950757547521,10.6555980493414,8.31780991755486
HCC.51,8.63843321481614,3.7859520980515,6.1683958883158,8.31780991755486,5.93950757547521
HCC.52,9.55360452619699,4.33851577095976,5.43827694058246,10.3186521182141,8.31780991755486
HCC.53,6.39466679540517,3.7859520980515,4.76214215870142,9.23976436845104,9.55360452619699
HCC.54,8.03012014980995,3.7859520980515,5.71247392276223,9.55360452619699,6.7056954225396
HCC.55,6.7056954225396,3.7859520980515,4.33851577095976,10.6555980493414,8.31780991755486
HCC.56,7.15450446329111,3.7859520980515,4.33851577095976,9.92217763069574,8.63843321481614
HCC.57,9.92217763069574,4.76214215870142,5.43827694058246,8.63843321481614,5.71247392276223
HCC.58,6.1683958883158,3.7859520980515,5.93950757547521,9.92217763069574,8.03012014980995
HCC.59,6.7056954225396,3.7859520980515,5.93950757547521,9.92217763069574,9.55360452619699
HCC.60,9.55360452619699,4.33851577095976,5.11797471762326,9.92217763069574,8.03012014980995
HCC.61,6.7056954225396,3.7859520980515,5.93950757547521,10.6555980493414,8.63843321481614
HCC.62,7.58871791780885,3.7859520980515,5.43827694058246,9.92217763069574,8.31780991755486
HCC.63,7.58871791780885,4.33851577095976,5.43827694058246,9.92217763069574,8.93169968950554
HCC.64,8.03012014980995,4.33851577095976,6.1683958883158,9.92217763069574,8.31780991755486
HCC.65,7.58871791780885,3.7859520980515,5.93950757547521,9.55360452619699,8.93169968950554
HCC.66,8.03012014980995,4.33851577095976,3.7859520980515,9.55360452619699,8.93169968950554
HCC.67,8.63843321481614,4.33851577095976,7.15450446329111,9.23976436845104,8.31780991755486
HCC.68,7.15450446329111,4.33851577095976,3.7859520980515,9.92217763069574,8.03012014980995
HCC.69,5.93950757547521,3.7859520980515,6.39466679540517,10.9721244987163,10.6555980493414
HCC.70,8.63843321481614,3.7859520980515,6.1683958883158,9.23976436845104,8.31780991755486
HCC.71,7.15450446329111,4.33851577095976,5.11797471762326,9.92217763069574,8.31780991755486
HCC.72,9.92217763069574,3.7859520980515,5.93950757547521,10.3186521182141,8.31780991755486
HCC.73,5.93950757547521,3.7859520980515,5.11797471762326,10.3186521182141,9.55360452619699
HCC.74,6.7056954225396,3.7859520980515,5.11797471762326,9.92217763069574,8.03012014980995
HCC.75,6.39466679540517,4.76214215870142,5.43827694058246,10.3186521182141,9.55360452619699
HCC.76,9.23976436845104,3.7859520980515,7.15450446329111,10.3186521182141,8.93169968950554
HCC.77,9.23976436845104,4.33851577095976,4.76214215870142,8.93169968950554,6.1683958883158
HCC.78,8.63843321481614,3.7859520980515,5.71247392276223,9.92217763069574,7.15450446329111
HCC.79,7.15450446329111,4.33851577095976,5.43827694058246,9.92217763069574,8.93169968950554
HCC.80,6.7056954225396,4.33851577095976,5.43827694058246,10.9721244987163,9.23976436845104
HCC.81,6.1683958883158,4.33851577095976,5.71247392276223,10.6555980493414,8.93169968950554
HCC.82,8.03012014980995,3.7859520980515,5.71247392276223,10.6555980493414,9.23976436845104
HCC.83,7.15450446329111,4.33851577095976,5.11797471762326,10.9721244987163,9.55360452619699
HCC.84,6.7056954225396,3.7859520980515,4.33851577095976,9.55360452619699,8.63843321481614
HCC.85,11.6636924099538,8.93169968950554,10.6555980493414,9.23976436845104,8.03012014980995
HCC.86,6.7056954225396,4.76214215870142,5.93950757547521,9.55360452619699,9.92217763069574
HCC.87,9.92217763069574,3.7859520980515,5.43827694058246,8.63843321481614,6.1683958883158
HCC.88,7.58871791780885,3.7859520980515,5.93950757547521,10.3186521182141,9.92217763069574
HCC.89,8.63843321481614,5.71247392276223,8.31780991755486,10.3186521182141,9.55360452619699
HCC.90,11.6636924099538,7.58871791780885,10.3186521182141,8.31780991755486,6.39466679540517
HCC.91,8.31780991755486,3.7859520980515,5.93950757547521,10.3186521182141,9.55360452619699
HCC.92,6.39466679540517,3.7859520980515,5.93950757547521,10.3186521182141,8.93169968950554
HCC.93,6.7056954225396,3.7859520980515,5.11797471762326,10.6555980493414,8.93169968950554
HCC.94,9.92217763069574,3.7859520980515,8.03012014980995,10.3186521182141,8.63843321481614
HCC.95,9.55360452619699,3.7859520980515,5.93950757547521,8.93169968950554,6.39466679540517
HCC.96,6.7056954225396,3.7859520980515,6.1683958883158,11.3226855626846,9.92217763069574
HCC.97,9.55360452619699,3.7859520980515,6.39466679540517,9.23976436845104,6.1683958883158
HCC.98,5.71247392276223,3.7859520980515,5.93950757547521,10.3186521182141,9.92217763069574
HCC.99,9.55360452619699,4.33851577095976,4.76214215870142,9.92217763069574,7.58871791780885
HCC.100,5.71247392276223,3.7859520980515,6.1683958883158,10.6555980493414,9.92217763069574
HCC.101,7.58871791780885,3.7859520980515,5.43827694058246,10.3186521182141,10.6555980493414
HCC.102,8.03012014980995,3.7859520980515,5.71247392276223,10.3186521182141,7.15450446329111
HCC.103,6.7056954225396,4.33851577095976,5.11797471762326,10.6555980493414,9.55360452619699
HCC.104,10.3186521182141,3.7859520980515,5.93950757547521,9.23976436845104,7.58871791780885
HCC.105,10.3186521182141,4.76214215870142,9.23976436845104,9.92217763069574,8.31780991755486
HCC.106,8.63843321481614,4.33851577095976,7.15450446329111,10.6555980493414,9.23976436845104
HCC.107,6.1683958883158,4.76214215870142,6.39466679540517,10.9721244987163,9.92217763069574
HCC.108,9.55360452619699,5.11797471762326,7.58871791780885,11.3226855626846,9.23976436845104
HCC.109,8.93169968950554,3.7859520980515,4.33851577095976,11.3226855626846,10.3186521182141
HCC.110,8.03012014980995,3.7859520980515,4.76214215870142,10.9721244987163,10.3186521182141
HCC.111,10.3186521182141,5.43827694058246,8.63843321481614,8.31780991755486,6.7056954225396
HCC.112,8.93169968950554,4.33851577095976,5.43827694058246,10.3186521182141,9.55360452619699
HCC.113,10.3186521182141,5.11797471762326,9.92217763069574,9.55360452619699,8.63843321481614
HCC.114,5.43827694058246,4.33851577095976,5.11797471762326,10.9721244987163,10.3186521182141
HCC.115,8.31780991755486,4.33851577095976,5.11797471762326,10.9721244987163,9.23976436845104
HCC.116,8.31780991755486,3.7859520980515,5.93950757547521,9.92217763069574,8.93169968950554
HCC.117,8.31780991755486,4.33851577095976,7.15450446329111,9.55360452619699,3.7859520980515
HCC.118,8.93169968950554,3.7859520980515,5.11797471762326,9.23976436845104,7.58871791780885
HCC.119,5.71247392276223,4.76214215870142,7.15450446329111,10.9721244987163,8.93169968950554
HCC.120,5.71247392276223,3.7859520980515,5.11797471762326,10.6555980493414,9.55360452619699
HCC.121,8.31780991755486,3.7859520980515,5.71247392276223,9.23976436845104,6.1683958883158
HCC.122,6.7056954225396,4.33851577095976,4.76214215870142,9.92217763069574,8.93169968950554
HCC.123,5.93950757547521,3.7859520980515,4.33851577095976,11.3226855626846,9.55360452619699
HCC.124,8.63843321481614,3.7859520980515,5.93950757547521,9.92217763069574,6.39466679540517
HCC.125,8.03012014980995,3.7859520980515,4.76214215870142,10.9721244987163,10.3186521182141
HCC.126,7.15450446329111,4.33851577095976,4.76214215870142,10.9721244987163,8.31780991755486
HCC.127,8.93169968950554,4.33851577095976,7.15450446329111,10.9721244987163,9.55360452619699
HCC.128,9.23976436845104,3.7859520980515,6.7056954225396,8.93169968950554,6.1683958883158
HCC.129,6.7056954225396,4.33851577095976,5.11797471762326,9.92217763069574,8.93169968950554
HCC.130,5.93950757547521,4.33851577095976,5.71247392276223,11.6636924099538,8.03012014980995
HCC.131,8.93169968950554,3.7859520980515,8.63843321481614,10.3186521182141,9.55360452619699
HCC.132,8.63843321481614,3.7859520980515,4.76214215870142,10.3186521182141,9.55360452619699
HCC.133,8.03012014980995,3.7859520980515,4.76214215870142,10.6555980493414,9.55360452619699
HCC.134,7.15450446329111,3.7859520980515,5.43827694058246,10.6555980493414,9.23976436845104
HCC.135,7.58871791780885,3.7859520980515,6.39466679540517,9.55360452619699,7.15450446329111
HCC.136,7.15450446329111,4.76214215870142,4.33851577095976,10.6555980493414,9.23976436845104
HCC.137,6.7056954225396,3.7859520980515,5.43827694058246,10.6555980493414,8.93169968950554
HCC.138,6.39466679540517,4.76214215870142,3.7859520980515,10.6555980493414,10.3186521182141
HCC.139,6.7056954225396,4.33851577095976,5.71247392276223,10.6555980493414,9.55360452619699
HCC.140,9.55360452619699,3.7859520980515,6.1683958883158,9.92217763069574,6.7056954225396
HCC.141,9.92217763069574,3.7859520980515,5.93950757547521,9.23976436845104,8.03012014980995
HCC.142,9.55360452619699,3.7859520980515,6.1683958883158,9.92217763069574,6.7056954225396
HCC.143,8.93169968950554,3.7859520980515,5.71247392276223,10.3186521182141,8.63843321481614
HCC.144,5.43827694058246,4.33851577095976,4.76214215870142,10.6555980493414,9.92217763069574
HCC.145,7.15450446329111,4.33851577095976,6.39466679540517,10.9721244987163,8.93169968950554
HCC.146,8.31780991755486,5.11797471762326,6.1683958883158,10.3186521182141,9.23976436845104
HCC.147,7.58871791780885,3.7859520980515,5.43827694058246,9.55360452619699,9.92217763069574
HCC.148,7.15450446329111,3.7859520980515,4.33851577095976,10.6555980493414,8.31780991755486
HCC.149,8.93169968950554,3.7859520980515,5.93950757547521,10.3186521182141,9.55360452619699
HCC.150,5.11797471762326,4.33851577095976,6.39466679540517,10.6555980493414,8.31780991755486
HCC.151,5.93950757547521,4.33851577095976,5.11797471762326,9.23976436845104,8.03012014980995
HCC.152,7.15450446329111,3.7859520980515,5.93950757547521,10.6555980493414,9.55360452619699
HCC.153,5.43827694058246,4.33851577095976,5.11797471762326,10.3186521182141,9.55360452619699
HCC.154,6.7056954225396,3.7859520980515,5.93950757547521,9.92217763069574,9.23976436845104
HCC.155,12.079234977218,9.23976436845104,11.6636924099538,6.7056954225396,5.11797471762326
HCC.156,7.15450446329111,4.76214215870142,6.39466679540517,10.3186521182141,9.92217763069574
HCC.157,8.63843321481614,3.7859520980515,5.11797471762326,9.23976436845104,7.58871791780885
HCC.158,6.7056954225396,3.7859520980515,5.11797471762326,10.9721244987163,9.55360452619699
HCC.159,8.03012014980995,3.7859520980515,5.93950757547521,10.6555980493414,9.55360452619699
HCC.160,8.93169968950554,3.7859520980515,7.15450446329111,10.9721244987163,9.55360452619699
HCC.161,6.1683958883158,3.7859520980515,5.43827694058246,10.3186521182141,9.92217763069574
HCC.162,8.63843321481614,4.33851577095976,5.43827694058246,9.23976436845104,5.93950757547521
HCC.163,5.71247392276223,3.7859520980515,5.43827694058246,10.9721244987163,10.6555980493414
HCC.164,5.93950757547521,3.7859520980515,5.11797471762326,10.6555980493414,10.3186521182141
HCC.165,5.93950757547521,3.7859520980515,4.76214215870142,9.23976436845104,6.39466679540517
HCC.166,6.39466679540517,3.7859520980515,7.15450446329111,10.3186521182141,8.63843321481614
HCC.167,6.39466679540517,4.33851577095976,5.11797471762326,10.6555980493414,8.93169968950554
HCC.168,6.39466679540517,4.33851577095976,5.71247392276223,10.6555980493414,9.92217763069574
HCC.169,6.39466679540517,4.33851577095976,5.71247392276223,10.6555980493414,10.3186521182141
HCC.170,6.39466679540517,3.7859520980515,5.93950757547521,10.9721244987163,10.3186521182141
HCC.171,6.39466679540517,3.7859520980515,5.71247392276223,10.6555980493414,8.63843321481614
HCC.172,6.7056954225396,3.7859520980515,4.33851577095976,9.55360452619699,9.23976436845104
HCC.173,6.1683958883158,3.7859520980515,5.93950757547521,9.92217763069574,9.55360452619699
HCC.174,8.31780991755486,4.33851577095976,5.43827694058246,10.9721244987163,10.6555980493414
HCC.175,10.3186521182141,5.11797471762326,8.03012014980995,8.93169968950554,7.15450446329111
HCC.176,6.7056954225396,3.7859520980515,4.76214215870142,10.9721244987163,9.92217763069574
HCC.177,8.93169968950554,3.7859520980515,5.43827694058246,9.92217763069574,8.31780991755486
HCC.178,6.1683958883158,3.7859520980515,5.11797471762326,11.3226855626846,9.92217763069574
HCC.179,5.71247392276223,3.7859520980515,4.76214215870142,11.3226855626846,10.3186521182141
HCC.180,7.58871791780885,4.33851577095976,5.93950757547521,10.6555980493414,8.63843321481614
HCC.181,8.03012014980995,4.33851577095976,5.71247392276223,10.6555980493414,9.55360452619699
HCC.182,6.39466679540517,4.33851577095976,4.76214215870142,10.3186521182141,8.63843321481614
HCC.183,7.15450446329111,4.33851577095976,6.7056954225396,10.9721244987163,8.63843321481614
HCC.184,8.03012014980995,3.7859520980515,7.58871791780885,10.6555980493414,10.3186521182141
HCC.185,6.39466679540517,5.43827694058246,4.33851577095976,8.93169968950554,6.7056954225396
HCC.186,6.7056954225396,4.33851577095976,5.43827694058246,10.3186521182141,9.55360452619699
HCC.187,11.3226855626846,6.1683958883158,10.9721244987163,8.63843321481614,7.15450446329111
HCC.188,7.58871791780885,3.7859520980515,5.11797471762326,9.23976436845104,5.93950757547521
HCC.189,6.7056954225396,4.33851577095976,6.1683958883158,10.3186521182141,10.6555980493414
HCC.190,8.31780991755486,3.7859520980515,6.39466679540517,9.92217763069574,8.63843321481614
HCC.191,5.11797471762326,3.7859520980515,5.71247392276223,10.6555980493414,9.23976436845104
HCC.192,11.3226855626846,5.71247392276223,9.55360452619699,8.93169968950554,6.7056954225396
HCC.193,9.55360452619699,5.93950757547521,4.33851577095976,11.3226855626846,10.6555980493414
HCC.194,12.079234977218,6.39466679540517,10.9721244987163,8.93169968950554,5.93950757547521
HCC.195,9.23976436845104,4.33851577095976,5.71247392276223,9.92217763069574,5.93950757547521
HCC.196,11.3226855626846,7.15450446329111,9.23976436845104,7.58871791780885,5.43827694058246
HCC.197,10.9721244987163,5.11797471762326,8.03012014980995,9.92217763069574,8.93169968950554
HCC.198,7.15450446329111,3.7859520980515,4.33851577095976,10.3186521182141,9.55360452619699
HCC.199,6.39466679540517,3.7859520980515,5.11797471762326,10.3186521182141,9.23976436845104
HCC.200,6.7056954225396,4.33851577095976,5.71247392276223,10.3186521182141,9.23976436845104
HCC.201,10.3186521182141,5.43827694058246,8.03012014980995,7.58871791780885,3.7859520980515
HCC.202,8.31780991755486,4.33851577095976,3.7859520980515,10.6555980493414,9.92217763069574
HCC.203,5.43827694058246,4.33851577095976,4.76214215870142,11.3226855626846,10.3186521182141
HCC.204,4.76214215870142,3.7859520980515,5.71247392276223,9.92217763069574,8.93169968950554
HCC.205,8.63843321481614,4.33851577095976,4.76214215870142,10.6555980493414,9.23976436845104
HCC.206,9.55360452619699,5.11797471762326,8.03012014980995,8.63843321481614,5.71247392276223
HCC.207,11.6636924099538,5.43827694058246,8.93169968950554,8.31780991755486,5.71247392276223
HCC.208,6.1683958883158,4.33851577095976,5.43827694058246,10.9721244987163,8.63843321481614
HCC.209,6.39466679540517,3.7859520980515,5.11797471762326,10.6555980493414,9.92217763069574
HCC.210,9.23976436845104,3.7859520980515,6.1683958883158,10.3186521182141,8.93169968950554
HCC.211,9.92217763069574,4.76214215870142,7.15450446329111,10.9721244987163,10.6555980493414
HCC.212,10.6555980493414,5.43827694058246,4.33851577095976,8.93169968950554,7.58871791780885
HCC.213,8.03012014980995,3.7859520980515,5.11797471762326,9.23976436845104,9.55360452619699
HCC.214,9.55360452619699,4.33851577095976,4.76214215870142,8.63843321481614,5.93950757547521
HCC.215,8.03012014980995,4.33851577095976,5.43827694058246,9.92217763069574,9.23976436845104
HCC.216,6.39466679540517,4.33851577095976,4.76214215870142,9.55360452619699,6.7056954225396
HCC.217,8.93169968950554,3.7859520980515,4.76214215870142,10.3186521182141,9.23976436845104
HCC.218,11.3226855626846,5.93950757547521,9.55360452619699,8.31780991755486,4.76214215870142
HCC.219,7.15450446329111,3.7859520980515,5.11797471762326,9.55360452619699,7.58871791780885
HCC.220,8.93169968950554,3.7859520980515,4.76214215870142,10.3186521182141,10.9721244987163
HCC.221,7.15450446329111,4.33851577095976,4.76214215870142,11.3226855626846,10.6555980493414
HCC.222,9.55360452619699,4.33851577095976,7.15450446329111,8.93169968950554,6.1683958883158
HCC.223,8.31780991755486,3.7859520980515,4.76214215870142,10.6555980493414,8.63843321481614
HCC.224,11.3226855626846,4.33851577095976,4.76214215870142,8.93169968950554,6.7056954225396
HCC.225,8.63843321481614,3.7859520980515,5.11797471762326,10.3186521182141,8.31780991755486
HCC.226,9.92217763069574,4.76214215870142,8.93169968950554,9.55360452619699,9.23976436845104
HCC.227,7.58871791780885,4.33851577095976,5.43827694058246,10.6555980493414,9.92217763069574
HCC.228,11.3226855626846,7.15450446329111,7.58871791780885,10.3186521182141,9.92217763069574
HCC.229,6.39466679540517,4.33851577095976,3.7859520980515,10.6555980493414,9.55360452619699
HCC.230,6.39466679540517,4.33851577095976,5.11797471762326,9.92217763069574,10.3186521182141
HCC.231,11.6636924099538,6.39466679540517,9.55360452619699,9.92217763069574,8.63843321481614
HCC.232,7.15450446329111,3.7859520980515,5.93950757547521,10.6555980493414,8.31780991755486
HCC.233,7.58871791780885,3.7859520980515,5.43827694058246,10.6555980493414,8.03012014980995
HCC.234,8.93169968950554,3.7859520980515,4.76214215870142,11.3226855626846,9.55360452619699
HCC.235,9.55360452619699,4.76214215870142,8.03012014980995,8.93169968950554,6.7056954225396
HCC.236,8.93169968950554,3.7859520980515,5.43827694058246,11.6636924099538,11.3226855626846
HCC.237,7.15450446329111,3.7859520980515,4.33851577095976,9.92217763069574,11.3226855626846
HCC.238,7.58871791780885,3.7859520980515,5.11797471762326,9.92217763069574,10.6555980493414
HCC.239,8.93169968950554,3.7859520980515,6.39466679540517,9.92217763069574,8.31780991755486
HCC.240,10.3186521182141,4.33851577095976,9.92217763069574,8.31780991755486,5.11797471762326
HCC.241,5.71247392276223,4.33851577095976,7.15450446329111,10.9721244987163,9.55360452619699
HCC.242,8.31780991755486,3.7859520980515,6.39466679540517,9.92217763069574,9.23976436845104
HCC.243,6.1683958883158,4.33851577095976,3.7859520980515,9.55360452619699,8.93169968950554
HCC.244,9.92217763069574,3.7859520980515,7.58871791780885,8.93169968950554,8.31780991755486
HCC.245,5.93950757547521,3.7859520980515,5.71247392276223,9.23976436845104,11.6636924099538
HCC.246,5.71247392276223,5.43827694058246,3.7859520980515,10.9721244987163,9.55360452619699
HCC.247,8.03012014980995,4.33851577095976,7.15450446329111,9.92217763069574,9.23976436845104
HCC.248,7.58871791780885,3.7859520980515,6.7056954225396,10.9721244987163,9.23976436845104
HCC.249,10.3186521182141,5.43827694058246,8.93169968950554,9.92217763069574,5.93950757547521
HCC.250,5.93950757547521,5.11797471762326,3.7859520980515,10.3186521182141,9.55360452619699
HCC.251,8.93169968950554,4.33851577095976,5.11797471762326,9.23976436845104,8.03012014980995
HCC.252,5.11797471762326,4.33851577095976,6.39466679540517,10.3186521182141,10.9721244987163
HCC.253,7.58871791780885,3.7859520980515,6.1683958883158,9.55360452619699,5.93950757547521
HCC.254,5.71247392276223,5.11797471762326,4.33851577095976,10.3186521182141,9.92217763069574
HCC.255,5.11797471762326,4.33851577095976,5.43827694058246,11.3226855626846,10.6555980493414
HCC.256,6.7056954225396,3.7859520980515,4.33851577095976,11.6636924099538,10.3186521182141
HCC.257,6.39466679540517,3.7859520980515,5.71247392276223,9.55360452619699,8.03012014980995
HCC.258,6.39466679540517,3.7859520980515,6.1683958883158,9.92217763069574,8.03012014980995
HCC.259,5.93950757547521,4.33851577095976,5.11797471762326,10.9721244987163,8.63843321481614
HCC.260,6.1683958883158,3.7859520980515,5.93950757547521,10.3186521182141,8.63843321481614
HCC.261,11.3226855626846,7.15450446329111,6.39466679540517,6.1683958883158,4.76214215870142
HCC.262,6.7056954225396,4.76214215870142,5.11797471762326,10.6555980493414,8.93169968950554
HCC.263,7.15450446329111,4.33851577095976,6.1683958883158,10.6555980493414,9.55360452619699
HCC.264,6.7056954225396,4.33851577095976,3.7859520980515,11.6636924099538,10.3186521182141
HCC.265,11.3226855626846,5.43827694058246,10.3186521182141,8.63843321481614,8.93169968950554
HCC.266,6.39466679540517,3.7859520980515,5.11797471762326,10.3186521182141,9.92217763069574
HCC.267,7.15450446329111,3.7859520980515,5.93950757547521,9.92217763069574,8.93169968950554
